,"English name","Debut date"
"Duel Marker (Ritche of Hope - Go First)","Duel Marker","1 December 2026"
"Duel Marker (Ritche of Hope - Go Second)","Duel Marker","1 December 2026"
"Familiar-Possessed - Aussa (Rush Duel)","Familiar-Possessed - Aussa","7 November 2026"
"Worshiper of the Blightblaze","Worshiper of the Blightblaze","7 November 2026"
"Jointech Matchless Hero","Jointech Matchless Hero","7 November 2026"
"System Maintenance","System Maintenance","7 November 2026"
"Mad Rare Vico","Mad Rare Vico","7 November 2026"
"Grave Shadow","Grave Shadow","7 November 2026"
"Assassin of the Hollowed Grounds","Assassin of the Hollowed Grounds","7 November 2026"
"Jointech Guardian","Jointech Guardian","7 November 2026"
"Early Access Burn Drake","Early Access Burn Drake","7 November 2026"
"Mad Rare Maqui","Mad Rare Maqui","7 November 2026"
"What Little the Blightblaze Leaves Behind","What Little the Blightblaze Leaves Behind","7 November 2026"
"Jointech Rejoin","Jointech Rejoin","7 November 2026"
"Boundary-Crossing Blast Gate","Boundary-Crossing Blast Gate","7 November 2026"
"Mad Rare Chreia","Mad Rare Chreia","7 November 2026"
"Alpha Count","Alpha Count","7 November 2026"
"Mad Rare Rappid","Mad Rare Rappid","7 November 2026"
"Saintick Lumina","Saintick Lumina","7 November 2026"
"Knight of the Hollowed Grounds","Knight of the Hollowed Grounds","7 November 2026"
"Update Maintenance","Update Maintenance","7 November 2026"
"Mad Rare Amy","Mad Rare Amy","7 November 2026"
"Jointech Ace Rex","Jointech Ace Rex","4 November 2026"
"CROSS ART COLLECTION (card)","CROSS ART COLLECTION","10 October 2026"
"Monster Reborn (Wai Wai Rush Party)","Monster Reborn",
"Pierce! (Wai Wai Rush Party)",Pierce!,
"Princess Cosmos Stirs (Wai Wai Rush Party)","Princess Cosmos Stirs",
"The Power Up (Wai Wai Rush Party)","The Power Up",
"Stop Defense (Wai Wai Rush Party)","Stop Defense",
"Card Destruction (Wai Wai Rush Party)","Card Destruction",
